# Test Action Result,PDCA Key,Test Number,Name,Retry,Iteration,Iteration Retry,Action Number,Command,domain,Status Code,Action Retry,Ignored,Start Time,End Time,Time Elapsed,Failure Message (optional),Test Path
FAIL,nand_component/Storage 3559 NVMe Debug Log 4 Check/1,181,Storage 3559 NVMe Debug Log 4 Check,0,0,0,0,"""(null)""",(null),-3,0,0,2018-03-12 13:22:02,2018-03-12 13:22:02,00:00:00,An error occurred reading the NVMe attribute definition file,
FAIL,nand_component/Storage 3559 NVMe Debug Log 4 Check/1,182,Storage 3559 NVMe Debug Log 4 Check,0,0,0,0,"""(null)""",(null),-3,0,0,2018-03-12 16:59:33,2018-03-12 16:59:33,00:00:00,An error occurred reading the NVMe attribute definition file,
FAIL,nand_component/Storage 3559 NVMe Debug Log 4 Check/1,183,Storage 3559 NVMe Debug Log 4 Check,0,0,0,0,"""(null)""",(null),-3,0,0,2018-03-12 17:03:45,2018-03-12 17:03:45,00:00:00,An error occurred reading the NVMe attribute definition file,
FAIL,nand_component/Storage 3559 NVMe Debug Log 4 Check/1,184,Storage 3559 NVMe Debug Log 4 Check,0,0,0,0,"""(null)""",(null),-3,0,0,2018-03-12 17:07:58,2018-03-12 17:07:58,00:00:00,An error occurred reading the NVMe attribute definition file,
FAIL,nand_component/Storage 3559 NVMe Debug Log 4 Check/1,185,Storage 3559 NVMe Debug Log 4 Check,0,0,0,0,"""(null)""",(null),-3,0,0,2018-03-12 17:10:41,2018-03-12 17:10:41,00:00:00,An error occurred reading the NVMe attribute definition file,
FAIL,nand_component/Storage 3559 NVMe Debug Log 4 Check/1,186,Storage 3559 NVMe Debug Log 4 Check,0,0,0,0,"""(null)""",(null),-3,0,0,2018-03-12 17:13:24,2018-03-12 17:13:24,00:00:00,An error occurred reading the NVMe attribute definition file,
FAIL,nand_component/Storage 3559 NVMe Debug Log 4 Check/1,187,Storage 3559 NVMe Debug Log 4 Check,0,0,0,0,"""(null)""",(null),-3,0,0,2018-03-12 17:16:06,2018-03-12 17:16:06,00:00:00,An error occurred reading the NVMe attribute definition file,
FAIL,nand_component/Storage 3559 NVMe Debug Log 4 Check/1,188,Storage 3559 NVMe Debug Log 4 Check,0,0,0,0,"""(null)""",(null),-3,0,0,2018-03-12 17:18:49,2018-03-12 17:18:49,00:00:00,An error occurred reading the NVMe attribute definition file,
FAIL,nand_component/Storage 3559 NVMe Debug Log 4 Check/1,189,Storage 3559 NVMe Debug Log 4 Check,0,0,0,0,"""(null)""",(null),-3,0,0,2018-03-12 17:21:32,2018-03-12 17:21:32,00:00:00,An error occurred reading the NVMe attribute definition file,
FAIL,nand_component/Storage 3559 NVMe Debug Log 4 Check/1,190,Storage 3559 NVMe Debug Log 4 Check,0,0,0,0,"""(null)""",(null),-3,0,0,2018-03-12 17:24:14,2018-03-12 17:24:14,00:00:00,An error occurred reading the NVMe attribute definition file,
FAIL,nand_component/Storage 3559 NVMe Debug Log 4 Check/1,191,Storage 3559 NVMe Debug Log 4 Check,0,0,0,0,"""(null)""",(null),-3,0,0,2018-03-12 17:26:57,2018-03-12 17:26:58,00:00:00,An error occurred reading the NVMe attribute definition file,
FAIL,nand_component/Storage 3559 NVMe Debug Log 4 Check/1,192,Storage 3559 NVMe Debug Log 4 Check,0,0,0,0,"""(null)""",(null),-3,0,0,2018-03-12 17:29:41,2018-03-12 17:29:41,00:00:00,An error occurred reading the NVMe attribute definition file,
FAIL,nand_component/Storage 3559 NVMe Debug Log 4 Check/1,193,Storage 3559 NVMe Debug Log 4 Check,0,0,0,0,"""(null)""",(null),-3,0,0,2018-03-12 17:32:24,2018-03-12 17:32:24,00:00:00,An error occurred reading the NVMe attribute definition file,
FAIL,nand_component/Storage 3559 NVMe Debug Log 4 Check/1,194,Storage 3559 NVMe Debug Log 4 Check,0,0,0,0,"""(null)""",(null),-3,0,0,2018-03-12 17:35:07,2018-03-12 17:35:07,00:00:00,An error occurred reading the NVMe attribute definition file,
FAIL,nand_component/Storage 3559 NVMe Debug Log 4 Check/1,195,Storage 3559 NVMe Debug Log 4 Check,0,0,0,0,"""(null)""",(null),-3,0,0,2018-03-12 17:37:50,2018-03-12 17:37:50,00:00:00,An error occurred reading the NVMe attribute definition file,
FAIL,nand_component/Storage 3559 NVMe Debug Log 4 Check/1,196,Storage 3559 NVMe Debug Log 4 Check,0,0,0,0,"""(null)""",(null),-3,0,0,2018-03-12 17:40:32,2018-03-12 17:40:32,00:00:00,An error occurred reading the NVMe attribute definition file,
FAIL,nand_component/Storage 3559 NVMe Debug Log 4 Check/1,197,Storage 3559 NVMe Debug Log 4 Check,0,0,0,0,"""(null)""",(null),-3,0,0,2018-03-12 17:43:15,2018-03-12 17:43:15,00:00:00,An error occurred reading the NVMe attribute definition file,
FAIL,nand_component/Storage 3559 NVMe Debug Log 4 Check/1,198,Storage 3559 NVMe Debug Log 4 Check,0,0,0,0,"""(null)""",(null),-3,0,0,2018-03-12 17:45:58,2018-03-12 17:45:58,00:00:00,An error occurred reading the NVMe attribute definition file,
FAIL,nand_component/Storage 3559 NVMe Debug Log 4 Check/1,199,Storage 3559 NVMe Debug Log 4 Check,0,0,0,0,"""(null)""",(null),-3,0,0,2018-03-12 17:48:41,2018-03-12 17:48:41,00:00:00,An error occurred reading the NVMe attribute definition file,
FAIL,nand_component/Storage 3559 NVMe Debug Log 4 Check/1,200,Storage 3559 NVMe Debug Log 4 Check,0,0,0,0,"""(null)""",(null),-3,0,0,2018-03-12 17:51:25,2018-03-12 17:51:25,00:00:00,An error occurred reading the NVMe attribute definition file,
FAIL,nand_component/Storage 3559 NVMe Debug Log 4 Check/1,201,Storage 3559 NVMe Debug Log 4 Check,0,0,0,0,"""(null)""",(null),-3,0,0,2018-03-12 17:54:08,2018-03-12 17:54:08,00:00:00,An error occurred reading the NVMe attribute definition file,
FAIL,nand_component/Storage 3559 NVMe Debug Log 4 Check/1,202,Storage 3559 NVMe Debug Log 4 Check,0,0,0,0,"""(null)""",(null),-3,0,0,2018-03-12 17:56:50,2018-03-12 17:56:50,00:00:00,An error occurred reading the NVMe attribute definition file,
FAIL,nand_component/Storage 3559 NVMe Debug Log 4 Check/1,203,Storage 3559 NVMe Debug Log 4 Check,0,0,0,0,"""(null)""",(null),-3,0,0,2018-03-12 17:59:34,2018-03-12 17:59:34,00:00:00,An error occurred reading the NVMe attribute definition file,
FAIL,nand_component/Storage 3559 NVMe Debug Log 4 Check/1,204,Storage 3559 NVMe Debug Log 4 Check,0,0,0,0,"""(null)""",(null),-3,0,0,2018-03-12 18:02:16,2018-03-12 18:02:16,00:00:00,An error occurred reading the NVMe attribute definition file,
FAIL,nand_component/Storage 3559 NVMe Debug Log 4 Check/1,205,Storage 3559 NVMe Debug Log 4 Check,0,0,0,0,"""(null)""",(null),-3,0,0,2018-03-12 18:04:59,2018-03-12 18:04:59,00:00:00,An error occurred reading the NVMe attribute definition file,
FAIL,nand_component/Storage 3559 NVMe Debug Log 4 Check/1,206,Storage 3559 NVMe Debug Log 4 Check,0,0,0,0,"""(null)""",(null),-3,0,0,2018-03-12 18:07:42,2018-03-12 18:07:42,00:00:00,An error occurred reading the NVMe attribute definition file,
FAIL,nand_component/Storage 3559 NVMe Debug Log 4 Check/1,207,Storage 3559 NVMe Debug Log 4 Check,0,0,0,0,"""(null)""",(null),-3,0,0,2018-03-12 18:10:26,2018-03-12 18:10:26,00:00:00,An error occurred reading the NVMe attribute definition file,
FAIL,nand_component/Storage 3559 NVMe Debug Log 4 Check/1,208,Storage 3559 NVMe Debug Log 4 Check,0,0,0,0,"""(null)""",(null),-3,0,0,2018-03-12 18:13:08,2018-03-12 18:13:08,00:00:00,An error occurred reading the NVMe attribute definition file,
FAIL,nand_component/Storage 3559 NVMe Debug Log 4 Check/1,209,Storage 3559 NVMe Debug Log 4 Check,0,0,0,0,"""(null)""",(null),-3,0,0,2018-03-12 18:15:52,2018-03-12 18:15:52,00:00:00,An error occurred reading the NVMe attribute definition file,
FAIL,nand_component/Storage 3559 NVMe Debug Log 4 Check/1,210,Storage 3559 NVMe Debug Log 4 Check,0,0,0,0,"""(null)""",(null),-3,0,0,2018-03-12 18:18:36,2018-03-12 18:18:36,00:00:00,An error occurred reading the NVMe attribute definition file,
FAIL,nand_component/Storage 3559 NVMe Debug Log 4 Check/1,211,Storage 3559 NVMe Debug Log 4 Check,0,0,0,0,"""(null)""",(null),-3,0,0,2018-03-12 18:21:18,2018-03-12 18:21:18,00:00:00,An error occurred reading the NVMe attribute definition file,
FAIL,nand_component/Storage 3559 NVMe Debug Log 4 Check/1,212,Storage 3559 NVMe Debug Log 4 Check,0,0,0,0,"""(null)""",(null),-3,0,0,2018-03-12 18:23:48,2018-03-12 18:23:48,00:00:00,An error occurred reading the NVMe attribute definition file,
FAIL,nand_component/Storage 3559 NVMe Debug Log 4 Check/1,213,Storage 3559 NVMe Debug Log 4 Check,0,0,0,0,"""(null)""",(null),-3,0,0,2018-03-12 18:26:18,2018-03-12 18:26:18,00:00:00,An error occurred reading the NVMe attribute definition file,
FAIL,nand_component/Storage 3559 NVMe Debug Log 4 Check/1,214,Storage 3559 NVMe Debug Log 4 Check,0,0,0,0,"""(null)""",(null),-3,0,0,2018-03-12 18:28:48,2018-03-12 18:28:48,00:00:00,An error occurred reading the NVMe attribute definition file,
FAIL,nand_component/Storage 3559 NVMe Debug Log 4 Check/1,215,Storage 3559 NVMe Debug Log 4 Check,0,0,0,0,"""(null)""",(null),-3,0,0,2018-03-12 18:31:18,2018-03-12 18:31:18,00:00:00,An error occurred reading the NVMe attribute definition file,
FAIL,nand_component/Storage 3559 NVMe Debug Log 4 Check/1,216,Storage 3559 NVMe Debug Log 4 Check,0,0,0,0,"""(null)""",(null),-3,0,0,2018-03-12 18:33:48,2018-03-12 18:33:48,00:00:00,An error occurred reading the NVMe attribute definition file,
FAIL,nand_component/Storage 3559 NVMe Debug Log 4 Check/1,217,Storage 3559 NVMe Debug Log 4 Check,0,0,0,0,"""(null)""",(null),-3,0,0,2018-03-12 18:36:18,2018-03-12 18:36:18,00:00:00,An error occurred reading the NVMe attribute definition file,
FAIL,nand_component/Storage 3559 NVMe Debug Log 4 Check/1,218,Storage 3559 NVMe Debug Log 4 Check,0,0,0,0,"""(null)""",(null),-3,0,0,2018-03-12 18:38:48,2018-03-12 18:38:48,00:00:00,An error occurred reading the NVMe attribute definition file,
FAIL,nand_component/Storage 3559 NVMe Debug Log 4 Check/1,219,Storage 3559 NVMe Debug Log 4 Check,0,0,0,0,"""(null)""",(null),-3,0,0,2018-03-12 18:41:17,2018-03-12 18:41:17,00:00:00,An error occurred reading the NVMe attribute definition file,
FAIL,nand_component/Storage 3559 NVMe Debug Log 4 Check/1,220,Storage 3559 NVMe Debug Log 4 Check,0,0,0,0,"""(null)""",(null),-3,0,0,2018-03-12 18:43:48,2018-03-12 18:43:48,00:00:00,An error occurred reading the NVMe attribute definition file,
FAIL,nand_component/Storage 3559 NVMe Debug Log 4 Check/1,221,Storage 3559 NVMe Debug Log 4 Check,0,0,0,0,"""(null)""",(null),-3,0,0,2018-03-12 18:46:18,2018-03-12 18:46:18,00:00:00,An error occurred reading the NVMe attribute definition file,
FAIL,nand_component/Storage 3559 NVMe Debug Log 4 Check/1,222,Storage 3559 NVMe Debug Log 4 Check,0,0,0,0,"""(null)""",(null),-3,0,0,2018-03-12 18:48:49,2018-03-12 18:48:49,00:00:00,An error occurred reading the NVMe attribute definition file,
FAIL,nand_component/Storage 3559 NVMe Debug Log 4 Check/1,223,Storage 3559 NVMe Debug Log 4 Check,0,0,0,0,"""(null)""",(null),-3,0,0,2018-03-12 18:51:20,2018-03-12 18:51:20,00:00:00,An error occurred reading the NVMe attribute definition file,
FAIL,nand_component/Storage 3559 NVMe Debug Log 4 Check/1,224,Storage 3559 NVMe Debug Log 4 Check,0,0,0,0,"""(null)""",(null),-3,0,0,2018-03-12 18:53:50,2018-03-12 18:53:50,00:00:00,An error occurred reading the NVMe attribute definition file,
FAIL,nand_component/Storage 3559 NVMe Debug Log 4 Check/1,225,Storage 3559 NVMe Debug Log 4 Check,0,0,0,0,"""(null)""",(null),-3,0,0,2018-03-12 18:56:21,2018-03-12 18:56:21,00:00:00,An error occurred reading the NVMe attribute definition file,
FAIL,nand_component/Storage 3559 NVMe Debug Log 4 Check/1,226,Storage 3559 NVMe Debug Log 4 Check,0,0,0,0,"""(null)""",(null),-3,0,0,2018-03-12 18:58:51,2018-03-12 18:58:51,00:00:00,An error occurred reading the NVMe attribute definition file,
FAIL,nand_component/Storage 3559 NVMe Debug Log 4 Check/1,227,Storage 3559 NVMe Debug Log 4 Check,0,0,0,0,"""(null)""",(null),-3,0,0,2018-03-12 19:01:20,2018-03-12 19:01:20,00:00:00,An error occurred reading the NVMe attribute definition file,
FAIL,nand_component/Storage 3559 NVMe Debug Log 4 Check/1,228,Storage 3559 NVMe Debug Log 4 Check,0,0,0,0,"""(null)""",(null),-3,0,0,2018-03-12 19:03:51,2018-03-12 19:03:51,00:00:00,An error occurred reading the NVMe attribute definition file,
FAIL,nand_component/Storage 3559 NVMe Debug Log 4 Check/1,229,Storage 3559 NVMe Debug Log 4 Check,0,0,0,0,"""(null)""",(null),-3,0,0,2018-03-12 19:06:22,2018-03-12 19:06:22,00:00:00,An error occurred reading the NVMe attribute definition file,
FAIL,nand_component/Storage 3559 NVMe Debug Log 4 Check/1,230,Storage 3559 NVMe Debug Log 4 Check,0,0,0,0,"""(null)""",(null),-3,0,0,2018-03-12 19:08:52,2018-03-12 19:08:52,00:00:00,An error occurred reading the NVMe attribute definition file,
FAIL,nand_component/Storage 3559 NVMe Debug Log 4 Check/1,231,Storage 3559 NVMe Debug Log 4 Check,0,0,0,0,"""(null)""",(null),-3,0,0,2018-03-12 19:11:23,2018-03-12 19:11:23,00:00:00,An error occurred reading the NVMe attribute definition file,
FAIL,nand_component/Storage 3559 NVMe Debug Log 4 Check/1,232,Storage 3559 NVMe Debug Log 4 Check,0,0,0,0,"""(null)""",(null),-3,0,0,2018-03-12 19:13:54,2018-03-12 19:13:54,00:00:00,An error occurred reading the NVMe attribute definition file,
FAIL,nand_component/Storage 3559 NVMe Debug Log 4 Check/1,233,Storage 3559 NVMe Debug Log 4 Check,0,0,0,0,"""(null)""",(null),-3,0,0,2018-03-12 19:16:25,2018-03-12 19:16:25,00:00:00,An error occurred reading the NVMe attribute definition file,
FAIL,nand_component/Storage 3559 NVMe Debug Log 4 Check/1,234,Storage 3559 NVMe Debug Log 4 Check,0,0,0,0,"""(null)""",(null),-3,0,0,2018-03-12 19:18:55,2018-03-12 19:18:55,00:00:00,An error occurred reading the NVMe attribute definition file,
FAIL,nand_component/Storage 3559 NVMe Debug Log 4 Check/1,235,Storage 3559 NVMe Debug Log 4 Check,0,0,0,0,"""(null)""",(null),-3,0,0,2018-03-12 19:21:26,2018-03-12 19:21:26,00:00:00,An error occurred reading the NVMe attribute definition file,
FAIL,nand_component/Storage 3559 NVMe Debug Log 4 Check/1,236,Storage 3559 NVMe Debug Log 4 Check,0,0,0,0,"""(null)""",(null),-3,0,0,2018-03-12 19:23:57,2018-03-12 19:23:57,00:00:00,An error occurred reading the NVMe attribute definition file,
FAIL,nand_component/Storage 3559 NVMe Debug Log 4 Check/1,237,Storage 3559 NVMe Debug Log 4 Check,0,0,0,0,"""(null)""",(null),-3,0,0,2018-03-12 19:26:27,2018-03-12 19:26:27,00:00:00,An error occurred reading the NVMe attribute definition file,
FAIL,nand_component/Storage 3559 NVMe Debug Log 4 Check/1,238,Storage 3559 NVMe Debug Log 4 Check,0,0,0,0,"""(null)""",(null),-3,0,0,2018-03-12 19:28:58,2018-03-12 19:28:58,00:00:00,An error occurred reading the NVMe attribute definition file,
FAIL,nand_component/Storage 3559 NVMe Debug Log 4 Check/1,239,Storage 3559 NVMe Debug Log 4 Check,0,0,0,0,"""(null)""",(null),-3,0,0,2018-03-12 19:31:28,2018-03-12 19:31:28,00:00:00,An error occurred reading the NVMe attribute definition file,
FAIL,nand_component/Storage 3559 NVMe Debug Log 4 Check/1,240,Storage 3559 NVMe Debug Log 4 Check,0,0,0,0,"""(null)""",(null),-3,0,0,2018-03-12 19:33:57,2018-03-12 19:33:57,00:00:00,An error occurred reading the NVMe attribute definition file,
FAIL,nand_component/Storage 3559 NVMe Debug Log 4 Check/1,241,Storage 3559 NVMe Debug Log 4 Check,0,0,0,0,"""(null)""",(null),-3,0,0,2018-03-12 19:36:27,2018-03-12 19:36:27,00:00:00,An error occurred reading the NVMe attribute definition file,
FAIL,nand_component/Storage 3559 NVMe Debug Log 4 Check/1,242,Storage 3559 NVMe Debug Log 4 Check,0,0,0,0,"""(null)""",(null),-3,0,0,2018-03-13 07:59:40,2018-03-13 07:59:40,00:00:00,An error occurred reading the NVMe attribute definition file,nand_component/nand_component/Storage 3559 NVMe Debug Log 4 Check
FAIL,nand_component/Storage 3559 NVMe Debug Log 4 Check/1,243,Storage 3559 NVMe Debug Log 4 Check,0,0,0,0,"""(null)""",(null),-3,0,0,2018-03-13 08:03:44,2018-03-13 08:03:44,00:00:00,An error occurred reading the NVMe attribute definition file,nand_component/nand_component/Storage 3559 NVMe Debug Log 4 Check
FAIL,nand_component/Storage 3559 NVMe Debug Log 4 Check/1,244,Storage 3559 NVMe Debug Log 4 Check,0,0,0,0,"""(null)""",(null),-3,0,0,2018-03-13 08:07:50,2018-03-13 08:07:50,00:00:00,An error occurred reading the NVMe attribute definition file,nand_component/nand_component/Storage 3559 NVMe Debug Log 4 Check
FAIL,nand_component/Storage 3559 NVMe Debug Log 4 Check/1,245,Storage 3559 NVMe Debug Log 4 Check,0,0,0,0,"""(null)""",(null),-3,0,0,2018-03-13 08:11:56,2018-03-13 08:11:56,00:00:00,An error occurred reading the NVMe attribute definition file,nand_component/nand_component/Storage 3559 NVMe Debug Log 4 Check
FAIL,nand_component/Storage 3559 NVMe Debug Log 4 Check/1,246,Storage 3559 NVMe Debug Log 4 Check,0,0,0,0,"""(null)""",(null),-3,0,0,2018-03-13 08:16:03,2018-03-13 08:16:03,00:00:00,An error occurred reading the NVMe attribute definition file,nand_component/nand_component/Storage 3559 NVMe Debug Log 4 Check
FAIL,nand_component/Storage 3559 NVMe Debug Log 4 Check/1,247,Storage 3559 NVMe Debug Log 4 Check,0,0,0,0,"""(null)""",(null),-3,0,0,2018-03-13 08:20:10,2018-03-13 08:20:10,00:00:00,An error occurred reading the NVMe attribute definition file,nand_component/nand_component/Storage 3559 NVMe Debug Log 4 Check
FAIL,nand_component/Storage 3559 NVMe Debug Log 4 Check/1,248,Storage 3559 NVMe Debug Log 4 Check,0,0,0,0,"""(null)""",(null),-3,0,0,2018-03-13 08:24:15,2018-03-13 08:24:16,00:00:00,An error occurred reading the NVMe attribute definition file,nand_component/nand_component/Storage 3559 NVMe Debug Log 4 Check
FAIL,nand_component/Storage 3559 NVMe Debug Log 4 Check/1,249,Storage 3559 NVMe Debug Log 4 Check,0,0,0,0,"""(null)""",(null),-3,0,0,2018-03-13 08:28:23,2018-03-13 08:28:23,00:00:00,An error occurred reading the NVMe attribute definition file,nand_component/nand_component/Storage 3559 NVMe Debug Log 4 Check
FAIL,nand_component/Storage 3559 NVMe Debug Log 4 Check/1,250,Storage 3559 NVMe Debug Log 4 Check,0,0,0,0,"""(null)""",(null),-3,0,0,2018-03-13 08:32:30,2018-03-13 08:32:30,00:00:00,An error occurred reading the NVMe attribute definition file,nand_component/nand_component/Storage 3559 NVMe Debug Log 4 Check
FAIL,nand_component/Storage 3559 NVMe Debug Log 4 Check/1,251,Storage 3559 NVMe Debug Log 4 Check,0,0,0,0,"""(null)""",(null),-3,0,0,2018-03-13 08:36:37,2018-03-13 08:36:37,00:00:00,An error occurred reading the NVMe attribute definition file,nand_component/nand_component/Storage 3559 NVMe Debug Log 4 Check
FAIL,nand_component/Storage 3559 NVMe Debug Log 4 Check/1,252,Storage 3559 NVMe Debug Log 4 Check,0,0,0,0,"""(null)""",(null),-3,0,0,2018-03-13 08:40:43,2018-03-13 08:40:43,00:00:00,An error occurred reading the NVMe attribute definition file,nand_component/nand_component/Storage 3559 NVMe Debug Log 4 Check
FAIL,nand_component/Storage 3559 NVMe Debug Log 4 Check/1,253,Storage 3559 NVMe Debug Log 4 Check,0,0,0,0,"""(null)""",(null),-3,0,0,2018-03-13 08:44:51,2018-03-13 08:44:51,00:00:00,An error occurred reading the NVMe attribute definition file,nand_component/nand_component/Storage 3559 NVMe Debug Log 4 Check
FAIL,nand_component/Storage 3559 NVMe Debug Log 4 Check/1,254,Storage 3559 NVMe Debug Log 4 Check,0,0,0,0,"""(null)""",(null),-3,0,0,2018-03-13 08:48:57,2018-03-13 08:48:57,00:00:00,An error occurred reading the NVMe attribute definition file,nand_component/nand_component/Storage 3559 NVMe Debug Log 4 Check
FAIL,nand_component/Storage 3559 NVMe Debug Log 4 Check/1,255,Storage 3559 NVMe Debug Log 4 Check,0,0,0,0,"""(null)""",(null),-3,0,0,2018-03-13 08:53:04,2018-03-13 08:53:04,00:00:00,An error occurred reading the NVMe attribute definition file,nand_component/nand_component/Storage 3559 NVMe Debug Log 4 Check
FAIL,nand_component/Storage 3559 NVMe Debug Log 4 Check/1,256,Storage 3559 NVMe Debug Log 4 Check,0,0,0,0,"""(null)""",(null),-3,0,0,2018-03-13 08:57:11,2018-03-13 08:57:11,00:00:00,An error occurred reading the NVMe attribute definition file,nand_component/nand_component/Storage 3559 NVMe Debug Log 4 Check
FAIL,nand_component/Storage 3559 NVMe Debug Log 4 Check/1,257,Storage 3559 NVMe Debug Log 4 Check,0,0,0,0,"""(null)""",(null),-3,0,0,2018-03-13 09:01:17,2018-03-13 09:01:17,00:00:00,An error occurred reading the NVMe attribute definition file,nand_component/nand_component/Storage 3559 NVMe Debug Log 4 Check
FAIL,nand_component/Storage 3559 NVMe Debug Log 4 Check/1,258,Storage 3559 NVMe Debug Log 4 Check,0,0,0,0,"""(null)""",(null),-3,0,0,2018-03-13 09:05:24,2018-03-13 09:05:24,00:00:00,An error occurred reading the NVMe attribute definition file,nand_component/nand_component/Storage 3559 NVMe Debug Log 4 Check
FAIL,nand_component/Storage 3559 NVMe Debug Log 4 Check/1,259,Storage 3559 NVMe Debug Log 4 Check,0,0,0,0,"""(null)""",(null),-3,0,0,2018-03-13 09:09:31,2018-03-13 09:09:31,00:00:00,An error occurred reading the NVMe attribute definition file,nand_component/nand_component/Storage 3559 NVMe Debug Log 4 Check
FAIL,nand_component/Storage 3559 NVMe Debug Log 4 Check/1,260,Storage 3559 NVMe Debug Log 4 Check,0,0,0,0,"""(null)""",(null),-3,0,0,2018-03-13 09:13:38,2018-03-13 09:13:38,00:00:00,An error occurred reading the NVMe attribute definition file,nand_component/nand_component/Storage 3559 NVMe Debug Log 4 Check
FAIL,nand_component/Storage 3559 NVMe Debug Log 4 Check/1,261,Storage 3559 NVMe Debug Log 4 Check,0,0,0,0,"""(null)""",(null),-3,0,0,2018-03-13 09:17:45,2018-03-13 09:17:45,00:00:00,An error occurred reading the NVMe attribute definition file,nand_component/nand_component/Storage 3559 NVMe Debug Log 4 Check
FAIL,nand_component/Storage 3559 NVMe Debug Log 4 Check/1,262,Storage 3559 NVMe Debug Log 4 Check,0,0,0,0,"""(null)""",(null),-3,0,0,2018-03-13 09:21:52,2018-03-13 09:21:52,00:00:00,An error occurred reading the NVMe attribute definition file,nand_component/nand_component/Storage 3559 NVMe Debug Log 4 Check
FAIL,nand_component/Storage 3559 NVMe Debug Log 4 Check/1,263,Storage 3559 NVMe Debug Log 4 Check,0,0,0,0,"""(null)""",(null),-3,0,0,2018-03-13 09:25:59,2018-03-13 09:25:59,00:00:00,An error occurred reading the NVMe attribute definition file,nand_component/nand_component/Storage 3559 NVMe Debug Log 4 Check
FAIL,nand_component/Storage 3559 NVMe Debug Log 4 Check/1,264,Storage 3559 NVMe Debug Log 4 Check,0,0,0,0,"""(null)""",(null),-3,0,0,2018-03-13 09:30:20,2018-03-13 09:30:20,00:00:00,An error occurred reading the NVMe attribute definition file,nand_component/nand_component/Storage 3559 NVMe Debug Log 4 Check
FAIL,nand_component/Storage 3559 NVMe Debug Log 4 Check/1,265,Storage 3559 NVMe Debug Log 4 Check,0,0,0,0,"""(null)""",(null),-3,0,0,2018-03-13 09:34:26,2018-03-13 09:34:26,00:00:00,An error occurred reading the NVMe attribute definition file,nand_component/nand_component/Storage 3559 NVMe Debug Log 4 Check
FAIL,nand_component/Storage 3559 NVMe Debug Log 4 Check/1,266,Storage 3559 NVMe Debug Log 4 Check,0,0,0,0,"""(null)""",(null),-3,0,0,2018-03-13 09:38:33,2018-03-13 09:38:33,00:00:00,An error occurred reading the NVMe attribute definition file,nand_component/nand_component/Storage 3559 NVMe Debug Log 4 Check
FAIL,nand_component/Storage 3559 NVMe Debug Log 4 Check/1,267,Storage 3559 NVMe Debug Log 4 Check,0,0,0,0,"""(null)""",(null),-3,0,0,2018-03-13 09:42:40,2018-03-13 09:42:40,00:00:00,An error occurred reading the NVMe attribute definition file,nand_component/nand_component/Storage 3559 NVMe Debug Log 4 Check
FAIL,nand_component/Storage 3559 NVMe Debug Log 4 Check/1,268,Storage 3559 NVMe Debug Log 4 Check,0,0,0,0,"""(null)""",(null),-3,0,0,2018-03-13 09:46:47,2018-03-13 09:46:47,00:00:00,An error occurred reading the NVMe attribute definition file,nand_component/nand_component/Storage 3559 NVMe Debug Log 4 Check
FAIL,nand_component/Storage 3559 NVMe Debug Log 4 Check/1,269,Storage 3559 NVMe Debug Log 4 Check,0,0,0,0,"""(null)""",(null),-3,0,0,2018-03-13 09:50:55,2018-03-13 09:50:55,00:00:00,An error occurred reading the NVMe attribute definition file,nand_component/nand_component/Storage 3559 NVMe Debug Log 4 Check
FAIL,nand_component/Storage 3559 NVMe Debug Log 4 Check/1,270,Storage 3559 NVMe Debug Log 4 Check,0,0,0,0,"""(null)""",(null),-3,0,0,2018-03-13 09:55:02,2018-03-13 09:55:02,00:00:00,An error occurred reading the NVMe attribute definition file,nand_component/nand_component/Storage 3559 NVMe Debug Log 4 Check
FAIL,nand_component/Storage 3559 NVMe Debug Log 4 Check/1,271,Storage 3559 NVMe Debug Log 4 Check,0,0,0,0,"""(null)""",(null),-3,0,0,2018-03-13 09:59:09,2018-03-13 09:59:09,00:00:00,An error occurred reading the NVMe attribute definition file,nand_component/nand_component/Storage 3559 NVMe Debug Log 4 Check
FAIL,nand_component/Storage 3559 NVMe Debug Log 4 Check/1,272,Storage 3559 NVMe Debug Log 4 Check,0,0,0,0,"""(null)""",(null),-3,0,0,2018-03-13 10:04:51,2018-03-13 10:04:51,00:00:00,An error occurred reading the NVMe attribute definition file,nand_component/nand_component/Storage 3559 NVMe Debug Log 4 Check
FAIL,nand_component/Storage 3559 NVMe Debug Log 4 Check/1,273,Storage 3559 NVMe Debug Log 4 Check,0,0,0,0,"""(null)""",(null),-3,0,0,2018-03-13 10:08:59,2018-03-13 10:08:59,00:00:00,An error occurred reading the NVMe attribute definition file,nand_component/nand_component/Storage 3559 NVMe Debug Log 4 Check
FAIL,nand_component/Storage 3559 NVMe Debug Log 4 Check/1,274,Storage 3559 NVMe Debug Log 4 Check,0,0,0,0,"""(null)""",(null),-3,0,0,2018-03-13 10:13:06,2018-03-13 10:13:06,00:00:00,An error occurred reading the NVMe attribute definition file,nand_component/nand_component/Storage 3559 NVMe Debug Log 4 Check
FAIL,nand_component/Storage 3559 NVMe Debug Log 4 Check/1,275,Storage 3559 NVMe Debug Log 4 Check,0,0,0,0,"""(null)""",(null),-3,0,0,2018-03-13 10:17:14,2018-03-13 10:17:14,00:00:00,An error occurred reading the NVMe attribute definition file,nand_component/nand_component/Storage 3559 NVMe Debug Log 4 Check
FAIL,nand_component/Storage 3559 NVMe Debug Log 4 Check/1,276,Storage 3559 NVMe Debug Log 4 Check,0,0,0,0,"""(null)""",(null),-3,0,0,2018-03-13 10:21:22,2018-03-13 10:21:22,00:00:00,An error occurred reading the NVMe attribute definition file,nand_component/nand_component/Storage 3559 NVMe Debug Log 4 Check
FAIL,nand_component/Storage 3559 NVMe Debug Log 4 Check/1,277,Storage 3559 NVMe Debug Log 4 Check,0,0,0,0,"""(null)""",(null),-3,0,0,2018-03-13 10:25:30,2018-03-13 10:25:30,00:00:00,An error occurred reading the NVMe attribute definition file,nand_component/nand_component/Storage 3559 NVMe Debug Log 4 Check
FAIL,nand_component/Storage 3559 NVMe Debug Log 4 Check/1,278,Storage 3559 NVMe Debug Log 4 Check,0,0,0,0,"""(null)""",(null),-3,0,0,2018-03-13 10:29:39,2018-03-13 10:29:39,00:00:00,An error occurred reading the NVMe attribute definition file,nand_component/nand_component/Storage 3559 NVMe Debug Log 4 Check
FAIL,nand_component/Storage 3559 NVMe Debug Log 4 Check/1,279,Storage 3559 NVMe Debug Log 4 Check,0,0,0,0,"""(null)""",(null),-3,0,0,2018-03-13 10:33:47,2018-03-13 10:33:47,00:00:00,An error occurred reading the NVMe attribute definition file,nand_component/nand_component/Storage 3559 NVMe Debug Log 4 Check
FAIL,nand_component/Storage 3559 NVMe Debug Log 4 Check/1,280,Storage 3559 NVMe Debug Log 4 Check,0,0,0,0,"""(null)""",(null),-3,0,0,2018-03-13 10:37:55,2018-03-13 10:37:55,00:00:00,An error occurred reading the NVMe attribute definition file,nand_component/nand_component/Storage 3559 NVMe Debug Log 4 Check
FAIL,nand_component/Storage 3559 NVMe Debug Log 4 Check/1,281,Storage 3559 NVMe Debug Log 4 Check,0,0,0,0,"""(null)""",(null),-3,0,0,2018-03-13 10:42:03,2018-03-13 10:42:03,00:00:00,An error occurred reading the NVMe attribute definition file,nand_component/nand_component/Storage 3559 NVMe Debug Log 4 Check
FAIL,nand_component/Storage 3559 NVMe Debug Log 4 Check/1,282,Storage 3559 NVMe Debug Log 4 Check,0,0,0,0,"""(null)""",(null),-3,0,0,2018-03-13 10:46:10,2018-03-13 10:46:10,00:00:00,An error occurred reading the NVMe attribute definition file,nand_component/nand_component/Storage 3559 NVMe Debug Log 4 Check
FAIL,nand_component/Storage 3559 NVMe Debug Log 4 Check/1,283,Storage 3559 NVMe Debug Log 4 Check,0,0,0,0,"""(null)""",(null),-3,0,0,2018-03-13 10:50:17,2018-03-13 10:50:17,00:00:00,An error occurred reading the NVMe attribute definition file,nand_component/nand_component/Storage 3559 NVMe Debug Log 4 Check
FAIL,nand_component/Storage 3559 NVMe Debug Log 4 Check/1,284,Storage 3559 NVMe Debug Log 4 Check,0,0,0,0,"""(null)""",(null),-3,0,0,2018-03-13 10:54:25,2018-03-13 10:54:25,00:00:00,An error occurred reading the NVMe attribute definition file,nand_component/nand_component/Storage 3559 NVMe Debug Log 4 Check
FAIL,nand_component/Storage 3559 NVMe Debug Log 4 Check/1,285,Storage 3559 NVMe Debug Log 4 Check,0,0,0,0,"""(null)""",(null),-3,0,0,2018-03-13 10:58:33,2018-03-13 10:58:33,00:00:00,An error occurred reading the NVMe attribute definition file,nand_component/nand_component/Storage 3559 NVMe Debug Log 4 Check
FAIL,nand_component/Storage 3559 NVMe Debug Log 4 Check/1,286,Storage 3559 NVMe Debug Log 4 Check,0,0,0,0,"""(null)""",(null),-3,0,0,2018-03-13 11:02:41,2018-03-13 11:02:41,00:00:00,An error occurred reading the NVMe attribute definition file,nand_component/nand_component/Storage 3559 NVMe Debug Log 4 Check
FAIL,nand_component/Storage 3559 NVMe Debug Log 4 Check/1,287,Storage 3559 NVMe Debug Log 4 Check,0,0,0,0,"""(null)""",(null),-3,0,0,2018-03-13 11:06:50,2018-03-13 11:06:50,00:00:00,An error occurred reading the NVMe attribute definition file,nand_component/nand_component/Storage 3559 NVMe Debug Log 4 Check
FAIL,nand_component/Storage 3559 NVMe Debug Log 4 Check/1,288,Storage 3559 NVMe Debug Log 4 Check,0,0,0,0,"""(null)""",(null),-3,0,0,2018-03-13 11:10:59,2018-03-13 11:10:59,00:00:00,An error occurred reading the NVMe attribute definition file,nand_component/nand_component/Storage 3559 NVMe Debug Log 4 Check
FAIL,nand_component/Storage 3559 NVMe Debug Log 4 Check/1,289,Storage 3559 NVMe Debug Log 4 Check,0,0,0,0,"""(null)""",(null),-3,0,0,2018-03-13 11:15:07,2018-03-13 11:15:07,00:00:00,An error occurred reading the NVMe attribute definition file,nand_component/nand_component/Storage 3559 NVMe Debug Log 4 Check
FAIL,nand_component/Storage 3559 NVMe Debug Log 4 Check/1,290,Storage 3559 NVMe Debug Log 4 Check,0,0,0,0,"""(null)""",(null),-3,0,0,2018-03-13 11:19:16,2018-03-13 11:19:16,00:00:00,An error occurred reading the NVMe attribute definition file,nand_component/nand_component/Storage 3559 NVMe Debug Log 4 Check
FAIL,nand_component/Storage 3559 NVMe Debug Log 4 Check/1,291,Storage 3559 NVMe Debug Log 4 Check,0,0,0,0,"""(null)""",(null),-3,0,0,2018-03-13 11:23:25,2018-03-13 11:23:25,00:00:00,An error occurred reading the NVMe attribute definition file,nand_component/nand_component/Storage 3559 NVMe Debug Log 4 Check
FAIL,nand_component/Storage 3559 NVMe Debug Log 4 Check/1,292,Storage 3559 NVMe Debug Log 4 Check,0,0,0,0,"""(null)""",(null),-3,0,0,2018-03-13 11:27:35,2018-03-13 11:27:35,00:00:00,An error occurred reading the NVMe attribute definition file,nand_component/nand_component/Storage 3559 NVMe Debug Log 4 Check
FAIL,nand_component/Storage 3559 NVMe Debug Log 4 Check/1,293,Storage 3559 NVMe Debug Log 4 Check,0,0,0,0,"""(null)""",(null),-3,0,0,2018-03-13 11:31:44,2018-03-13 11:31:44,00:00:00,An error occurred reading the NVMe attribute definition file,nand_component/nand_component/Storage 3559 NVMe Debug Log 4 Check
FAIL,nand_component/Storage 3559 NVMe Debug Log 4 Check/1,294,Storage 3559 NVMe Debug Log 4 Check,0,0,0,0,"""(null)""",(null),-3,0,0,2018-03-13 11:35:53,2018-03-13 11:35:53,00:00:00,An error occurred reading the NVMe attribute definition file,nand_component/nand_component/Storage 3559 NVMe Debug Log 4 Check
FAIL,nand_component/Storage 3559 NVMe Debug Log 4 Check/1,295,Storage 3559 NVMe Debug Log 4 Check,0,0,0,0,"""(null)""",(null),-3,0,0,2018-03-13 11:40:02,2018-03-13 11:40:02,00:00:00,An error occurred reading the NVMe attribute definition file,nand_component/nand_component/Storage 3559 NVMe Debug Log 4 Check
FAIL,nand_component/Storage 3559 NVMe Debug Log 4 Check/1,296,Storage 3559 NVMe Debug Log 4 Check,0,0,0,0,"""(null)""",(null),-3,0,0,2018-03-13 11:44:11,2018-03-13 11:44:11,00:00:00,An error occurred reading the NVMe attribute definition file,nand_component/nand_component/Storage 3559 NVMe Debug Log 4 Check
FAIL,nand_component/Storage 3559 NVMe Debug Log 4 Check/1,297,Storage 3559 NVMe Debug Log 4 Check,0,0,0,0,"""(null)""",(null),-3,0,0,2018-03-13 11:48:20,2018-03-13 11:48:20,00:00:00,An error occurred reading the NVMe attribute definition file,nand_component/nand_component/Storage 3559 NVMe Debug Log 4 Check
FAIL,nand_component/Storage 3559 NVMe Debug Log 4 Check/1,298,Storage 3559 NVMe Debug Log 4 Check,0,0,0,0,"""(null)""",(null),-3,0,0,2018-03-13 11:52:30,2018-03-13 11:52:30,00:00:00,An error occurred reading the NVMe attribute definition file,nand_component/nand_component/Storage 3559 NVMe Debug Log 4 Check
FAIL,nand_component/Storage 3559 NVMe Debug Log 4 Check/1,299,Storage 3559 NVMe Debug Log 4 Check,0,0,0,0,"""(null)""",(null),-3,0,0,2018-03-13 11:56:37,2018-03-13 11:56:37,00:00:00,An error occurred reading the NVMe attribute definition file,nand_component/nand_component/Storage 3559 NVMe Debug Log 4 Check
FAIL,nand_component/Storage 3559 NVMe Debug Log 4 Check/1,300,Storage 3559 NVMe Debug Log 4 Check,0,0,0,0,"""(null)""",(null),-3,0,0,2018-03-13 12:00:46,2018-03-13 12:00:46,00:00:00,An error occurred reading the NVMe attribute definition file,nand_component/nand_component/Storage 3559 NVMe Debug Log 4 Check
FAIL,nand_component/Storage 3559 NVMe Debug Log 4 Check/1,301,Storage 3559 NVMe Debug Log 4 Check,0,0,0,0,"""(null)""",(null),-3,0,0,2018-03-13 12:04:56,2018-03-13 12:04:56,00:00:00,An error occurred reading the NVMe attribute definition file,nand_component/nand_component/Storage 3559 NVMe Debug Log 4 Check
FAIL,nand_component/Storage 3559 NVMe Debug Log 4 Check/1,302,Storage 3559 NVMe Debug Log 4 Check,0,0,0,0,"""(null)""",(null),-3,0,0,2018-03-13 12:11:16,2018-03-13 12:11:16,00:00:00,An error occurred reading the NVMe attribute definition file,nand_component/nand_component/Storage 3559 NVMe Debug Log 4 Check
FAIL,nand_component/Storage 3559 NVMe Debug Log 4 Check/1,303,Storage 3559 NVMe Debug Log 4 Check,0,0,0,0,"""(null)""",(null),-3,0,0,2018-03-13 12:16:00,2018-03-13 12:16:00,00:00:00,An error occurred reading the NVMe attribute definition file,nand_component/nand_component/Storage 3559 NVMe Debug Log 4 Check
FAIL,nand_component/Storage 3559 NVMe Debug Log 4 Check/1,304,Storage 3559 NVMe Debug Log 4 Check,0,0,0,0,"""(null)""",(null),-3,0,0,2018-03-13 12:20:44,2018-03-13 12:20:44,00:00:00,An error occurred reading the NVMe attribute definition file,nand_component/nand_component/Storage 3559 NVMe Debug Log 4 Check
FAIL,nand_component/Storage 3559 NVMe Debug Log 4 Check/1,305,Storage 3559 NVMe Debug Log 4 Check,0,0,0,0,"""(null)""",(null),-3,0,0,2018-03-13 12:25:28,2018-03-13 12:25:28,00:00:00,An error occurred reading the NVMe attribute definition file,nand_component/nand_component/Storage 3559 NVMe Debug Log 4 Check
FAIL,nand_component/Storage 3559 NVMe Debug Log 4 Check/1,306,Storage 3559 NVMe Debug Log 4 Check,0,0,0,0,"""(null)""",(null),-3,0,0,2018-03-13 12:30:13,2018-03-13 12:30:13,00:00:00,An error occurred reading the NVMe attribute definition file,nand_component/nand_component/Storage 3559 NVMe Debug Log 4 Check
FAIL,nand_component/Storage 3559 NVMe Debug Log 4 Check/1,307,Storage 3559 NVMe Debug Log 4 Check,0,0,0,0,"""(null)""",(null),-3,0,0,2018-03-13 12:34:58,2018-03-13 12:34:58,00:00:00,An error occurred reading the NVMe attribute definition file,nand_component/nand_component/Storage 3559 NVMe Debug Log 4 Check
FAIL,nand_component/Storage 3559 NVMe Debug Log 4 Check/1,308,Storage 3559 NVMe Debug Log 4 Check,0,0,0,0,"""(null)""",(null),-3,0,0,2018-03-13 12:39:43,2018-03-13 12:39:43,00:00:00,An error occurred reading the NVMe attribute definition file,nand_component/nand_component/Storage 3559 NVMe Debug Log 4 Check
FAIL,nand_component/Storage 3559 NVMe Debug Log 4 Check/1,309,Storage 3559 NVMe Debug Log 4 Check,0,0,0,0,"""(null)""",(null),-3,0,0,2018-03-13 12:44:26,2018-03-13 12:44:26,00:00:00,An error occurred reading the NVMe attribute definition file,nand_component/nand_component/Storage 3559 NVMe Debug Log 4 Check
FAIL,nand_component/Storage 3559 NVMe Debug Log 4 Check/1,310,Storage 3559 NVMe Debug Log 4 Check,0,0,0,0,"""(null)""",(null),-3,0,0,2018-03-13 12:49:10,2018-03-13 12:49:10,00:00:00,An error occurred reading the NVMe attribute definition file,nand_component/nand_component/Storage 3559 NVMe Debug Log 4 Check
FAIL,nand_component/Storage 3559 NVMe Debug Log 4 Check/1,311,Storage 3559 NVMe Debug Log 4 Check,0,0,0,0,"""(null)""",(null),-3,0,0,2018-03-13 12:53:55,2018-03-13 12:53:55,00:00:00,An error occurred reading the NVMe attribute definition file,nand_component/nand_component/Storage 3559 NVMe Debug Log 4 Check
FAIL,nand_component/Storage 3559 NVMe Debug Log 4 Check/1,312,Storage 3559 NVMe Debug Log 4 Check,0,0,0,0,"""(null)""",(null),-3,0,0,2018-03-13 12:58:40,2018-03-13 12:58:40,00:00:00,An error occurred reading the NVMe attribute definition file,nand_component/nand_component/Storage 3559 NVMe Debug Log 4 Check
FAIL,nand_component/Storage 3559 NVMe Debug Log 4 Check/1,313,Storage 3559 NVMe Debug Log 4 Check,0,0,0,0,"""(null)""",(null),-3,0,0,2018-03-13 13:03:25,2018-03-13 13:03:25,00:00:00,An error occurred reading the NVMe attribute definition file,nand_component/nand_component/Storage 3559 NVMe Debug Log 4 Check
FAIL,nand_component/Storage 3559 NVMe Debug Log 4 Check/1,314,Storage 3559 NVMe Debug Log 4 Check,0,0,0,0,"""(null)""",(null),-3,0,0,2018-03-13 13:08:11,2018-03-13 13:08:11,00:00:00,An error occurred reading the NVMe attribute definition file,nand_component/nand_component/Storage 3559 NVMe Debug Log 4 Check
FAIL,nand_component/Storage 3559 NVMe Debug Log 4 Check/1,315,Storage 3559 NVMe Debug Log 4 Check,0,0,0,0,"""(null)""",(null),-3,0,0,2018-03-13 13:12:55,2018-03-13 13:12:55,00:00:00,An error occurred reading the NVMe attribute definition file,nand_component/nand_component/Storage 3559 NVMe Debug Log 4 Check
FAIL,nand_component/Storage 3559 NVMe Debug Log 4 Check/1,316,Storage 3559 NVMe Debug Log 4 Check,0,0,0,0,"""(null)""",(null),-3,0,0,2018-03-13 13:17:39,2018-03-13 13:17:39,00:00:00,An error occurred reading the NVMe attribute definition file,nand_component/nand_component/Storage 3559 NVMe Debug Log 4 Check
FAIL,nand_component/Storage 3559 NVMe Debug Log 4 Check/1,317,Storage 3559 NVMe Debug Log 4 Check,0,0,0,0,"""(null)""",(null),-3,0,0,2018-03-13 13:22:23,2018-03-13 13:22:23,00:00:00,An error occurred reading the NVMe attribute definition file,nand_component/nand_component/Storage 3559 NVMe Debug Log 4 Check
FAIL,nand_component/Storage 3559 NVMe Debug Log 4 Check/1,318,Storage 3559 NVMe Debug Log 4 Check,0,0,0,0,"""(null)""",(null),-3,0,0,2018-03-13 13:27:08,2018-03-13 13:27:08,00:00:00,An error occurred reading the NVMe attribute definition file,nand_component/nand_component/Storage 3559 NVMe Debug Log 4 Check
FAIL,nand_component/Storage 3559 NVMe Debug Log 4 Check/1,319,Storage 3559 NVMe Debug Log 4 Check,0,0,0,0,"""(null)""",(null),-3,0,0,2018-03-13 13:31:54,2018-03-13 13:31:54,00:00:00,An error occurred reading the NVMe attribute definition file,nand_component/nand_component/Storage 3559 NVMe Debug Log 4 Check
FAIL,nand_component/Storage 3559 NVMe Debug Log 4 Check/1,320,Storage 3559 NVMe Debug Log 4 Check,0,0,0,0,"""(null)""",(null),-3,0,0,2018-03-13 13:36:38,2018-03-13 13:36:38,00:00:00,An error occurred reading the NVMe attribute definition file,nand_component/nand_component/Storage 3559 NVMe Debug Log 4 Check
FAIL,nand_component/Storage 3559 NVMe Debug Log 4 Check/1,321,Storage 3559 NVMe Debug Log 4 Check,0,0,0,0,"""(null)""",(null),-3,0,0,2018-03-13 13:41:23,2018-03-13 13:41:23,00:00:00,An error occurred reading the NVMe attribute definition file,nand_component/nand_component/Storage 3559 NVMe Debug Log 4 Check
FAIL,nand_component/Storage 3559 NVMe Debug Log 4 Check/1,322,Storage 3559 NVMe Debug Log 4 Check,0,0,0,0,"""(null)""",(null),-3,0,0,2018-03-13 13:46:09,2018-03-13 13:46:09,00:00:00,An error occurred reading the NVMe attribute definition file,nand_component/nand_component/Storage 3559 NVMe Debug Log 4 Check
FAIL,nand_component/Storage 3559 NVMe Debug Log 4 Check/1,323,Storage 3559 NVMe Debug Log 4 Check,0,0,0,0,"""(null)""",(null),-3,0,0,2018-03-13 13:50:53,2018-03-13 13:50:53,00:00:00,An error occurred reading the NVMe attribute definition file,nand_component/nand_component/Storage 3559 NVMe Debug Log 4 Check
FAIL,nand_component/Storage 3559 NVMe Debug Log 4 Check/1,324,Storage 3559 NVMe Debug Log 4 Check,0,0,0,0,"""(null)""",(null),-3,0,0,2018-03-13 13:55:38,2018-03-13 13:55:38,00:00:00,An error occurred reading the NVMe attribute definition file,nand_component/nand_component/Storage 3559 NVMe Debug Log 4 Check
FAIL,nand_component/Storage 3559 NVMe Debug Log 4 Check/1,325,Storage 3559 NVMe Debug Log 4 Check,0,0,0,0,"""(null)""",(null),-3,0,0,2018-03-13 14:00:24,2018-03-13 14:00:24,00:00:00,An error occurred reading the NVMe attribute definition file,nand_component/nand_component/Storage 3559 NVMe Debug Log 4 Check
FAIL,nand_component/Storage 3559 NVMe Debug Log 4 Check/1,326,Storage 3559 NVMe Debug Log 4 Check,0,0,0,0,"""(null)""",(null),-3,0,0,2018-03-13 14:05:09,2018-03-13 14:05:09,00:00:00,An error occurred reading the NVMe attribute definition file,nand_component/nand_component/Storage 3559 NVMe Debug Log 4 Check
FAIL,nand_component/Storage 3559 NVMe Debug Log 4 Check/1,327,Storage 3559 NVMe Debug Log 4 Check,0,0,0,0,"""(null)""",(null),-3,0,0,2018-03-13 14:09:53,2018-03-13 14:09:53,00:00:00,An error occurred reading the NVMe attribute definition file,nand_component/nand_component/Storage 3559 NVMe Debug Log 4 Check
FAIL,nand_component/Storage 3559 NVMe Debug Log 4 Check/1,328,Storage 3559 NVMe Debug Log 4 Check,0,0,0,0,"""(null)""",(null),-3,0,0,2018-03-13 14:14:37,2018-03-13 14:14:37,00:00:00,An error occurred reading the NVMe attribute definition file,nand_component/nand_component/Storage 3559 NVMe Debug Log 4 Check
FAIL,nand_component/Storage 3559 NVMe Debug Log 4 Check/1,329,Storage 3559 NVMe Debug Log 4 Check,0,0,0,0,"""(null)""",(null),-3,0,0,2018-03-13 14:19:23,2018-03-13 14:19:23,00:00:00,An error occurred reading the NVMe attribute definition file,nand_component/nand_component/Storage 3559 NVMe Debug Log 4 Check
FAIL,nand_component/Storage 3559 NVMe Debug Log 4 Check/1,330,Storage 3559 NVMe Debug Log 4 Check,0,0,0,0,"""(null)""",(null),-3,0,0,2018-03-13 14:24:09,2018-03-13 14:24:09,00:00:00,An error occurred reading the NVMe attribute definition file,nand_component/nand_component/Storage 3559 NVMe Debug Log 4 Check
FAIL,nand_component/Storage 3559 NVMe Debug Log 4 Check/1,331,Storage 3559 NVMe Debug Log 4 Check,0,0,0,0,"""(null)""",(null),-3,0,0,2018-03-13 14:28:55,2018-03-13 14:28:55,00:00:00,An error occurred reading the NVMe attribute definition file,nand_component/nand_component/Storage 3559 NVMe Debug Log 4 Check
